"0","glmulti_fit <- glmulti(
  gdp_hr_worked ~ ., 
  data = gdp_hr,
  level = 2, 
  minsize = 0,
  maxsize = -1,
  marginality = TRUE,
  method = ""g"",
  crit = bic, 
  plotty = FALSE,
  report = TRUE,
  confsetsize = 100,
  fitfunction = lm 
)
"
"1","Initialization..."
"1","
"
"1","TASK: Genetic algorithm in the candidate set."
"1","
"
"1","Initialization..."
"1","
"
"1","Algorithm started..."
"1","
"
"1","
After 10 generations:"
"1","
"
"1","Best model: gdp_hr_worked~1+adult_education_pc+avg_wage+trade_union_density+unemployment_pc+r_and_d_spending_pc+flexible_work_pc+log_int_trade_pc_gdp+log_transport_investment_eur+avg_wage:adult_education_pc+trade_union_density:adult_education_pc+unemployment_pc:adult_education_pc+unemployment_pc:trade_union_density+r_and_d_spending_pc:adult_education_pc+r_and_d_spending_pc:trade_union_density+r_and_d_spending_pc:unemployment_pc+flexible_work_pc:adult_education_pc+flexible_work_pc:avg_wage+flexible_work_pc:unemployment_pc+log_int_trade_pc_gdp:adult_education_pc+log_int_trade_pc_gdp:avg_wage+log_int_trade_pc_gdp:trade_union_density+log_int_trade_pc_gdp:r_and_d_spending_pc+log_transport_investment_eur:avg_wage+log_transport_investment_eur:r_and_d_spending_pc+log_transport_investment_eur:flexible_work_pc+log_transport_investment_eur:log_int_trade_pc_gdp"
"1","
"
"1","Crit= 894.31817607307"
"1","
"
"1","Mean crit= 983.742798323827"
"1","
"
"1","Change in best IC: -9105.68182392693 / Change in mean IC: -9016.25720167617"
"1","
"
"1","
After 20 generations:"
"1","
"
"1","Best model: gdp_hr_worked~1+adult_education_pc+avg_wage+trade_union_density+unemployment_pc+r_and_d_spending_pc+flexible_work_pc+log_int_trade_pc_gdp+log_transport_investment_eur+avg_wage:adult_education_pc+trade_union_density:adult_education_pc+unemployment_pc:adult_education_pc+unemployment_pc:trade_union_density+r_and_d_spending_pc:trade_union_density+r_and_d_spending_pc:unemployment_pc+flexible_work_pc:adult_education_pc+flexible_work_pc:avg_wage+flexible_work_pc:trade_union_density+flexible_work_pc:unemployment_pc+log_int_trade_pc_gdp:adult_education_pc+log_int_trade_pc_gdp:avg_wage+log_int_trade_pc_gdp:trade_union_density+log_int_trade_pc_gdp:unemployment_pc+log_int_trade_pc_gdp:r_and_d_spending_pc+log_transport_investment_eur:avg_wage+log_transport_investment_eur:unemployment_pc+log_transport_investment_eur:r_and_d_spending_pc+log_transport_investment_eur:flexible_work_pc"
"1","
"
"1","Crit= 857.645371755934"
"1","
"
"1","Mean crit= 944.682185935288"
"1","
"
"1","Change in best IC: -36.672804317136 / Change in mean IC: -39.0606123885393"
"1","
"
"1","
After 30 generations:"
"1","
"
"1","Best model: gdp_hr_worked~1+adult_education_pc+avg_wage+trade_union_density+unemployment_pc+r_and_d_spending_pc+flexible_work_pc+log_int_trade_pc_gdp+log_transport_investment_eur+trade_union_density:adult_education_pc+unemployment_pc:adult_education_pc+unemployment_pc:trade_union_density+r_and_d_spending_pc:trade_union_density+r_and_d_spending_pc:unemployment_pc+flexible_work_pc:adult_education_pc+flexible_work_pc:avg_wage+flexible_work_pc:unemployment_pc+log_int_trade_pc_gdp:adult_education_pc+log_int_trade_pc_gdp:avg_wage+log_int_trade_pc_gdp:trade_union_density+log_int_trade_pc_gdp:unemployment_pc+log_int_trade_pc_gdp:r_and_d_spending_pc+log_transport_investment_eur:avg_wage+log_transport_investment_eur:unemployment_pc+log_transport_investment_eur:r_and_d_spending_pc+log_transport_investment_eur:flexible_work_pc"
"1","
"
"1","Crit= 849.305343545734"
"1","
"
"1","Mean crit= 934.836787685822"
"1","
"
"1","Change in best IC: -8.34002821020067 / Change in mean IC: -9.8453982494658"
"1","
"
"1","
After 40 generations:"
"1","
"
"1","Best model: gdp_hr_worked~1+adult_education_pc+avg_wage+trade_union_density+unemployment_pc+r_and_d_spending_pc+flexible_work_pc+log_int_trade_pc_gdp+log_transport_investment_eur+trade_union_density:adult_education_pc+unemployment_pc:trade_union_density+r_and_d_spending_pc:trade_union_density+r_and_d_spending_pc:unemployment_pc+flexible_work_pc:adult_education_pc+flexible_work_pc:avg_wage+flexible_work_pc:unemployment_pc+log_int_trade_pc_gdp:adult_education_pc+log_int_trade_pc_gdp:avg_wage+log_int_trade_pc_gdp:trade_union_density+log_int_trade_pc_gdp:unemployment_pc+log_int_trade_pc_gdp:r_and_d_spending_pc+log_transport_investment_eur:avg_wage+log_transport_investment_eur:unemployment_pc+log_transport_investment_eur:r_and_d_spending_pc+log_transport_investment_eur:flexible_work_pc"
"1","
"
"1","Crit= 848.89994482608"
"1","
"
"1","Mean crit= 927.134887942309"
"1","
"
"1","Change in best IC: -0.405398719653817 / Change in mean IC: -7.70189974351285"
"1","
"
"1","
After 50 generations:"
"1","
"
"1","Best model: gdp_hr_worked~1+adult_education_pc+avg_wage+trade_union_density+unemployment_pc+r_and_d_spending_pc+flexible_work_pc+log_int_trade_pc_gdp+log_transport_investment_eur+trade_union_density:adult_education_pc+unemployment_pc:trade_union_density+r_and_d_spending_pc:trade_union_density+r_and_d_spending_pc:unemployment_pc+flexible_work_pc:adult_education_pc+flexible_work_pc:avg_wage+flexible_work_pc:unemployment_pc+log_int_trade_pc_gdp:adult_education_pc+log_int_trade_pc_gdp:avg_wage+log_int_trade_pc_gdp:trade_union_density+log_int_trade_pc_gdp:unemployment_pc+log_int_trade_pc_gdp:r_and_d_spending_pc+log_transport_investment_eur:avg_wage+log_transport_investment_eur:unemployment_pc+log_transport_investment_eur:r_and_d_spending_pc+log_transport_investment_eur:flexible_work_pc"
"1","
"
"1","Crit= 848.89994482608"
"1","
"
"1","Mean crit= 923.751873177938"
"1","
"
"1","Change in best IC: 0 / Change in mean IC: -3.38301476437141"
"1","
"
"1","
After 60 generations:"
"1","
"
"1","Best model: gdp_hr_worked~1+adult_education_pc+avg_wage+trade_union_density+unemployment_pc+r_and_d_spending_pc+flexible_work_pc+log_int_trade_pc_gdp+log_transport_investment_eur+trade_union_density:adult_education_pc+unemployment_pc:trade_union_density+r_and_d_spending_pc:trade_union_density+r_and_d_spending_pc:unemployment_pc+flexible_work_pc:adult_education_pc+flexible_work_pc:avg_wage+flexible_work_pc:unemployment_pc+log_int_trade_pc_gdp:adult_education_pc+log_int_trade_pc_gdp:avg_wage+log_int_trade_pc_gdp:trade_union_density+log_int_trade_pc_gdp:unemployment_pc+log_int_trade_pc_gdp:r_and_d_spending_pc+log_transport_investment_eur:avg_wage+log_transport_investment_eur:unemployment_pc+log_transport_investment_eur:r_and_d_spending_pc+log_transport_investment_eur:flexible_work_pc"
"1","
"
"1","Crit= 848.89994482608"
"1","
"
"1","Mean crit= 918.998601097608"
"1","
"
"1","Change in best IC: 0 / Change in mean IC: -4.75327208033025"
"1","
"
"1","
After 70 generations:"
"1","
"
"1","Best model: gdp_hr_worked~1+adult_education_pc+avg_wage+trade_union_density+unemployment_pc+r_and_d_spending_pc+flexible_work_pc+log_int_trade_pc_gdp+log_transport_investment_eur+trade_union_density:adult_education_pc+unemployment_pc:trade_union_density+r_and_d_spending_pc:trade_union_density+r_and_d_spending_pc:unemployment_pc+flexible_work_pc:adult_education_pc+flexible_work_pc:avg_wage+flexible_work_pc:unemployment_pc+log_int_trade_pc_gdp:adult_education_pc+log_int_trade_pc_gdp:avg_wage+log_int_trade_pc_gdp:trade_union_density+log_int_trade_pc_gdp:unemployment_pc+log_int_trade_pc_gdp:r_and_d_spending_pc+log_transport_investment_eur:avg_wage+log_transport_investment_eur:unemployment_pc+log_transport_investment_eur:r_and_d_spending_pc+log_transport_investment_eur:flexible_work_pc"
"1","
"
"1","Crit= 848.89994482608"
"1","
"
"1","Mean crit= 915.076986819353"
"1","
"
"1","Change in best IC: 0 / Change in mean IC: -3.92161427825476"
"1","
"
"1","
After 80 generations:"
"1","
"
"1","Best model: gdp_hr_worked~1+adult_education_pc+avg_wage+trade_union_density+unemployment_pc+r_and_d_spending_pc+flexible_work_pc+log_int_trade_pc_gdp+log_transport_investment_eur+trade_union_density:adult_education_pc+unemployment_pc:trade_union_density+r_and_d_spending_pc:trade_union_density+r_and_d_spending_pc:unemployment_pc+flexible_work_pc:adult_education_pc+flexible_work_pc:avg_wage+flexible_work_pc:unemployment_pc+log_int_trade_pc_gdp:adult_education_pc+log_int_trade_pc_gdp:avg_wage+log_int_trade_pc_gdp:trade_union_density+log_int_trade_pc_gdp:unemployment_pc+log_int_trade_pc_gdp:r_and_d_spending_pc+log_transport_investment_eur:avg_wage+log_transport_investment_eur:unemployment_pc+log_transport_investment_eur:r_and_d_spending_pc+log_transport_investment_eur:flexible_work_pc"
"1","
"
"1","Crit= 848.89994482608"
"1","
"
"1","Mean crit= 912.645846565333"
"1","
"
"1","Change in best IC: 0 / Change in mean IC: -2.43114025401997"
"1","
"
"1","
After 90 generations:"
"1","
"
"1","Best model: gdp_hr_worked~1+adult_education_pc+avg_wage+trade_union_density+unemployment_pc+r_and_d_spending_pc+flexible_work_pc+log_int_trade_pc_gdp+log_transport_investment_eur+trade_union_density:adult_education_pc+unemployment_pc:trade_union_density+r_and_d_spending_pc:trade_union_density+r_and_d_spending_pc:unemployment_pc+flexible_work_pc:adult_education_pc+flexible_work_pc:avg_wage+flexible_work_pc:unemployment_pc+log_int_trade_pc_gdp:adult_education_pc+log_int_trade_pc_gdp:avg_wage+log_int_trade_pc_gdp:trade_union_density+log_int_trade_pc_gdp:unemployment_pc+log_int_trade_pc_gdp:r_and_d_spending_pc+log_transport_investment_eur:avg_wage+log_transport_investment_eur:unemployment_pc+log_transport_investment_eur:r_and_d_spending_pc+log_transport_investment_eur:flexible_work_pc"
"1","
"
"1","Crit= 848.89994482608"
"1","
"
"1","Mean crit= 908.49739474517"
"1","
"
"1","Change in best IC: 0 / Change in mean IC: -4.14845182016302"
"1","
"
"1","
After 100 generations:"
"1","
"
"1","Best model: gdp_hr_worked~1+adult_education_pc+avg_wage+trade_union_density+unemployment_pc+r_and_d_spending_pc+flexible_work_pc+log_int_trade_pc_gdp+log_transport_investment_eur+trade_union_density:adult_education_pc+unemployment_pc:trade_union_density+r_and_d_spending_pc:trade_union_density+r_and_d_spending_pc:unemployment_pc+flexible_work_pc:adult_education_pc+flexible_work_pc:avg_wage+flexible_work_pc:unemployment_pc+log_int_trade_pc_gdp:adult_education_pc+log_int_trade_pc_gdp:avg_wage+log_int_trade_pc_gdp:trade_union_density+log_int_trade_pc_gdp:unemployment_pc+log_int_trade_pc_gdp:r_and_d_spending_pc+log_transport_investment_eur:avg_wage+log_transport_investment_eur:unemployment_pc+log_transport_investment_eur:r_and_d_spending_pc+log_transport_investment_eur:flexible_work_pc"
"1","
"
"1","Crit= 848.89994482608"
"1","
"
"1","Mean crit= 906.009567195514"
"1","
"
"1","Change in best IC: 0 / Change in mean IC: -2.48782754965623"
"1","
"
"1","
After 110 generations:"
"1","
"
"1","Best model: gdp_hr_worked~1+adult_education_pc+avg_wage+trade_union_density+unemployment_pc+r_and_d_spending_pc+flexible_work_pc+log_int_trade_pc_gdp+log_transport_investment_eur+trade_union_density:adult_education_pc+unemployment_pc:trade_union_density+r_and_d_spending_pc:trade_union_density+r_and_d_spending_pc:unemployment_pc+flexible_work_pc:adult_education_pc+flexible_work_pc:avg_wage+flexible_work_pc:unemployment_pc+log_int_trade_pc_gdp:adult_education_pc+log_int_trade_pc_gdp:avg_wage+log_int_trade_pc_gdp:trade_union_density+log_int_trade_pc_gdp:unemployment_pc+log_int_trade_pc_gdp:r_and_d_spending_pc+log_transport_investment_eur:avg_wage+log_transport_investment_eur:unemployment_pc+log_transport_investment_eur:r_and_d_spending_pc+log_transport_investment_eur:flexible_work_pc"
"1","
"
"1","Crit= 848.89994482608"
"1","
"
"1","Mean crit= 903.890250332689"
"1","
"
"1","Change in best IC: 0 / Change in mean IC: -2.11931686282435"
"1","
"
"1","
After 120 generations:"
"1","
"
"1","Best model: gdp_hr_worked~1+adult_education_pc+avg_wage+trade_union_density+unemployment_pc+r_and_d_spending_pc+flexible_work_pc+log_int_trade_pc_gdp+log_transport_investment_eur+trade_union_density:adult_education_pc+unemployment_pc:trade_union_density+r_and_d_spending_pc:trade_union_density+r_and_d_spending_pc:unemployment_pc+flexible_work_pc:adult_education_pc+flexible_work_pc:avg_wage+flexible_work_pc:unemployment_pc+log_int_trade_pc_gdp:adult_education_pc+log_int_trade_pc_gdp:avg_wage+log_int_trade_pc_gdp:trade_union_density+log_int_trade_pc_gdp:unemployment_pc+log_int_trade_pc_gdp:r_and_d_spending_pc+log_transport_investment_eur:avg_wage+log_transport_investment_eur:unemployment_pc+log_transport_investment_eur:r_and_d_spending_pc+log_transport_investment_eur:flexible_work_pc"
"1","
"
"1","Crit= 848.89994482608"
"1","
"
"1","Mean crit= 901.387312631795"
"1","
"
"1","Change in best IC: 0 / Change in mean IC: -2.50293770089456"
"1","
"
"1","
After 130 generations:"
"1","
"
"1","Best model: gdp_hr_worked~1+adult_education_pc+avg_wage+trade_union_density+unemployment_pc+r_and_d_spending_pc+flexible_work_pc+log_int_trade_pc_gdp+log_transport_investment_eur+trade_union_density:adult_education_pc+unemployment_pc:trade_union_density+r_and_d_spending_pc:trade_union_density+r_and_d_spending_pc:unemployment_pc+flexible_work_pc:adult_education_pc+flexible_work_pc:avg_wage+flexible_work_pc:unemployment_pc+log_int_trade_pc_gdp:adult_education_pc+log_int_trade_pc_gdp:avg_wage+log_int_trade_pc_gdp:trade_union_density+log_int_trade_pc_gdp:unemployment_pc+log_int_trade_pc_gdp:r_and_d_spending_pc+log_transport_investment_eur:avg_wage+log_transport_investment_eur:unemployment_pc+log_transport_investment_eur:r_and_d_spending_pc+log_transport_investment_eur:flexible_work_pc"
"1","
"
"1","Crit= 848.89994482608"
"1","
"
"1","Mean crit= 900.532952786165"
"1","
"
"1","Change in best IC: 0 / Change in mean IC: -0.854359845629688"
"1","
"
"1","
After 140 generations:"
"1","
"
"1","Best model: gdp_hr_worked~1+adult_education_pc+avg_wage+trade_union_density+unemployment_pc+r_and_d_spending_pc+flexible_work_pc+log_int_trade_pc_gdp+log_transport_investment_eur+trade_union_density:adult_education_pc+unemployment_pc:trade_union_density+r_and_d_spending_pc:trade_union_density+r_and_d_spending_pc:unemployment_pc+flexible_work_pc:adult_education_pc+flexible_work_pc:avg_wage+flexible_work_pc:unemployment_pc+log_int_trade_pc_gdp:adult_education_pc+log_int_trade_pc_gdp:avg_wage+log_int_trade_pc_gdp:trade_union_density+log_int_trade_pc_gdp:unemployment_pc+log_int_trade_pc_gdp:r_and_d_spending_pc+log_transport_investment_eur:avg_wage+log_transport_investment_eur:unemployment_pc+log_transport_investment_eur:r_and_d_spending_pc+log_transport_investment_eur:flexible_work_pc"
"1","
"
"1","Crit= 848.89994482608"
"1","
"
"1","Mean crit= 897.713162067912"
"1","
"
"1","Change in best IC: 0 / Change in mean IC: -2.81979071825265"
"1","
"
"1","
After 150 generations:"
"1","
"
"1","Best model: gdp_hr_worked~1+adult_education_pc+avg_wage+trade_union_density+unemployment_pc+r_and_d_spending_pc+flexible_work_pc+log_int_trade_pc_gdp+log_transport_investment_eur+trade_union_density:adult_education_pc+unemployment_pc:trade_union_density+r_and_d_spending_pc:trade_union_density+r_and_d_spending_pc:unemployment_pc+flexible_work_pc:adult_education_pc+flexible_work_pc:avg_wage+flexible_work_pc:unemployment_pc+log_int_trade_pc_gdp:adult_education_pc+log_int_trade_pc_gdp:avg_wage+log_int_trade_pc_gdp:trade_union_density+log_int_trade_pc_gdp:unemployment_pc+log_int_trade_pc_gdp:r_and_d_spending_pc+log_transport_investment_eur:avg_wage+log_transport_investment_eur:unemployment_pc+log_transport_investment_eur:r_and_d_spending_pc+log_transport_investment_eur:flexible_work_pc"
"1","
"
"1","Crit= 848.89994482608"
"1","
"
"1","Mean crit= 895.941647283806"
"1","
"
"1","Change in best IC: 0 / Change in mean IC: -1.7715147841069"
"1","
"
"1","
After 160 generations:"
"1","
"
"1","Best model: gdp_hr_worked~1+adult_education_pc+avg_wage+trade_union_density+unemployment_pc+r_and_d_spending_pc+flexible_work_pc+log_int_trade_pc_gdp+log_transport_investment_eur+trade_union_density:adult_education_pc+unemployment_pc:trade_union_density+r_and_d_spending_pc:trade_union_density+r_and_d_spending_pc:unemployment_pc+flexible_work_pc:adult_education_pc+flexible_work_pc:avg_wage+flexible_work_pc:unemployment_pc+log_int_trade_pc_gdp:adult_education_pc+log_int_trade_pc_gdp:avg_wage+log_int_trade_pc_gdp:trade_union_density+log_int_trade_pc_gdp:unemployment_pc+log_int_trade_pc_gdp:r_and_d_spending_pc+log_transport_investment_eur:avg_wage+log_transport_investment_eur:unemployment_pc+log_transport_investment_eur:r_and_d_spending_pc+log_transport_investment_eur:flexible_work_pc"
"1","
"
"1","Crit= 848.89994482608"
"1","
"
"1","Mean crit= 894.373977674784"
"1","
"
"1","Change in best IC: 0 / Change in mean IC: -1.5676696090211"
"1","
"
"1","
After 170 generations:"
"1","
"
"1","Best model: gdp_hr_worked~1+adult_education_pc+avg_wage+trade_union_density+unemployment_pc+r_and_d_spending_pc+flexible_work_pc+log_int_trade_pc_gdp+log_transport_investment_eur+trade_union_density:adult_education_pc+unemployment_pc:trade_union_density+r_and_d_spending_pc:trade_union_density+r_and_d_spending_pc:unemployment_pc+flexible_work_pc:adult_education_pc+flexible_work_pc:avg_wage+flexible_work_pc:unemployment_pc+log_int_trade_pc_gdp:adult_education_pc+log_int_trade_pc_gdp:avg_wage+log_int_trade_pc_gdp:trade_union_density+log_int_trade_pc_gdp:unemployment_pc+log_int_trade_pc_gdp:r_and_d_spending_pc+log_transport_investment_eur:avg_wage+log_transport_investment_eur:unemployment_pc+log_transport_investment_eur:r_and_d_spending_pc+log_transport_investment_eur:flexible_work_pc"
"1","
"
"1","Crit= 848.89994482608"
"1","
"
"1","Mean crit= 893.996930793422"
"1","
"
"1","Change in best IC: 0 / Change in mean IC: -0.377046881362048"
"1","
"
"1","
After 180 generations:"
"1","
"
"1","Best model: gdp_hr_worked~1+adult_education_pc+avg_wage+trade_union_density+unemployment_pc+r_and_d_spending_pc+flexible_work_pc+log_int_trade_pc_gdp+log_transport_investment_eur+trade_union_density:adult_education_pc+unemployment_pc:trade_union_density+r_and_d_spending_pc:trade_union_density+r_and_d_spending_pc:unemployment_pc+flexible_work_pc:adult_education_pc+flexible_work_pc:avg_wage+flexible_work_pc:unemployment_pc+log_int_trade_pc_gdp:adult_education_pc+log_int_trade_pc_gdp:avg_wage+log_int_trade_pc_gdp:trade_union_density+log_int_trade_pc_gdp:unemployment_pc+log_int_trade_pc_gdp:r_and_d_spending_pc+log_transport_investment_eur:avg_wage+log_transport_investment_eur:unemployment_pc+log_transport_investment_eur:r_and_d_spending_pc+log_transport_investment_eur:flexible_work_pc"
"1","
"
"1","Crit= 848.89994482608"
"1","
"
"1","Mean crit= 892.681040935798"
"1","
"
"1","Change in best IC: 0 / Change in mean IC: -1.31588985762448"
"1","
"
"1","
After 190 generations:"
"1","
"
"1","Best model: gdp_hr_worked~1+adult_education_pc+avg_wage+trade_union_density+unemployment_pc+r_and_d_spending_pc+flexible_work_pc+log_int_trade_pc_gdp+log_transport_investment_eur+trade_union_density:adult_education_pc+unemployment_pc:trade_union_density+r_and_d_spending_pc:trade_union_density+r_and_d_spending_pc:unemployment_pc+flexible_work_pc:adult_education_pc+flexible_work_pc:avg_wage+flexible_work_pc:unemployment_pc+log_int_trade_pc_gdp:adult_education_pc+log_int_trade_pc_gdp:avg_wage+log_int_trade_pc_gdp:trade_union_density+log_int_trade_pc_gdp:unemployment_pc+log_int_trade_pc_gdp:r_and_d_spending_pc+log_transport_investment_eur:avg_wage+log_transport_investment_eur:unemployment_pc+log_transport_investment_eur:r_and_d_spending_pc+log_transport_investment_eur:flexible_work_pc"
"1","
"
"1","Crit= 848.89994482608"
"1","
"
"1","Mean crit= 890.504028321533"
"1","
"
"1","Change in best IC: 0 / Change in mean IC: -2.17701261426475"
"1","
"
"1","
After 200 generations:"
"1","
"
"1","Best model: gdp_hr_worked~1+adult_education_pc+avg_wage+trade_union_density+unemployment_pc+r_and_d_spending_pc+flexible_work_pc+log_int_trade_pc_gdp+log_transport_investment_eur+trade_union_density:adult_education_pc+unemployment_pc:trade_union_density+r_and_d_spending_pc:trade_union_density+r_and_d_spending_pc:unemployment_pc+flexible_work_pc:adult_education_pc+flexible_work_pc:avg_wage+flexible_work_pc:unemployment_pc+log_int_trade_pc_gdp:adult_education_pc+log_int_trade_pc_gdp:avg_wage+log_int_trade_pc_gdp:trade_union_density+log_int_trade_pc_gdp:unemployment_pc+log_int_trade_pc_gdp:r_and_d_spending_pc+log_transport_investment_eur:avg_wage+log_transport_investment_eur:unemployment_pc+log_transport_investment_eur:r_and_d_spending_pc+log_transport_investment_eur:flexible_work_pc"
"1","
"
"1","Crit= 848.89994482608"
"1","
"
"1","Mean crit= 889.880527392932"
"1","
"
"1","Change in best IC: 0 / Change in mean IC: -0.623500928601061"
"1","
"
"1","
After 210 generations:"
"1","
"
"1","Best model: gdp_hr_worked~1+adult_education_pc+avg_wage+trade_union_density+unemployment_pc+r_and_d_spending_pc+flexible_work_pc+log_int_trade_pc_gdp+log_transport_investment_eur+trade_union_density:adult_education_pc+unemployment_pc:trade_union_density+r_and_d_spending_pc:trade_union_density+r_and_d_spending_pc:unemployment_pc+flexible_work_pc:adult_education_pc+flexible_work_pc:avg_wage+flexible_work_pc:unemployment_pc+log_int_trade_pc_gdp:adult_education_pc+log_int_trade_pc_gdp:avg_wage+log_int_trade_pc_gdp:trade_union_density+log_int_trade_pc_gdp:unemployment_pc+log_int_trade_pc_gdp:r_and_d_spending_pc+log_transport_investment_eur:avg_wage+log_transport_investment_eur:unemployment_pc+log_transport_investment_eur:r_and_d_spending_pc+log_transport_investment_eur:flexible_work_pc"
"1","
"
"1","Crit= 848.89994482608"
"1","
"
"1","Mean crit= 889.766181194582"
"1","
"
"1","Change in best IC: 0 / Change in mean IC: -0.114346198349949"
"1","
"
"1","
After 220 generations:"
"1","
"
"1","Best model: gdp_hr_worked~1+adult_education_pc+avg_wage+trade_union_density+unemployment_pc+r_and_d_spending_pc+flexible_work_pc+log_int_trade_pc_gdp+log_transport_investment_eur+trade_union_density:adult_education_pc+unemployment_pc:trade_union_density+r_and_d_spending_pc:trade_union_density+r_and_d_spending_pc:unemployment_pc+flexible_work_pc:adult_education_pc+flexible_work_pc:avg_wage+flexible_work_pc:unemployment_pc+log_int_trade_pc_gdp:adult_education_pc+log_int_trade_pc_gdp:avg_wage+log_int_trade_pc_gdp:trade_union_density+log_int_trade_pc_gdp:unemployment_pc+log_int_trade_pc_gdp:r_and_d_spending_pc+log_transport_investment_eur:avg_wage+log_transport_investment_eur:unemployment_pc+log_transport_investment_eur:r_and_d_spending_pc+log_transport_investment_eur:flexible_work_pc"
"1","
"
"1","Crit= 848.89994482608"
"1","
"
"1","Mean crit= 887.845144096573"
"1","
"
"1","Change in best IC: 0 / Change in mean IC: -1.92103709800938"
"1","
"
"1","
After 230 generations:"
"1","
"
"1","Best model: gdp_hr_worked~1+adult_education_pc+avg_wage+trade_union_density+unemployment_pc+r_and_d_spending_pc+flexible_work_pc+log_int_trade_pc_gdp+log_transport_investment_eur+trade_union_density:adult_education_pc+unemployment_pc:trade_union_density+r_and_d_spending_pc:trade_union_density+r_and_d_spending_pc:unemployment_pc+flexible_work_pc:adult_education_pc+flexible_work_pc:avg_wage+flexible_work_pc:unemployment_pc+log_int_trade_pc_gdp:adult_education_pc+log_int_trade_pc_gdp:avg_wage+log_int_trade_pc_gdp:trade_union_density+log_int_trade_pc_gdp:unemployment_pc+log_int_trade_pc_gdp:r_and_d_spending_pc+log_transport_investment_eur:avg_wage+log_transport_investment_eur:unemployment_pc+log_transport_investment_eur:r_and_d_spending_pc+log_transport_investment_eur:flexible_work_pc"
"1","
"
"1","Crit= 848.89994482608"
"1","
"
"1","Mean crit= 887.469796202438"
"1","
"
"1","Change in best IC: 0 / Change in mean IC: -0.37534789413462"
"1","
"
"1","
After 240 generations:"
"1","
"
"1","Best model: gdp_hr_worked~1+adult_education_pc+avg_wage+trade_union_density+unemployment_pc+r_and_d_spending_pc+flexible_work_pc+log_int_trade_pc_gdp+log_transport_investment_eur+trade_union_density:adult_education_pc+unemployment_pc:trade_union_density+r_and_d_spending_pc:trade_union_density+r_and_d_spending_pc:unemployment_pc+flexible_work_pc:adult_education_pc+flexible_work_pc:avg_wage+flexible_work_pc:unemployment_pc+log_int_trade_pc_gdp:adult_education_pc+log_int_trade_pc_gdp:avg_wage+log_int_trade_pc_gdp:trade_union_density+log_int_trade_pc_gdp:unemployment_pc+log_int_trade_pc_gdp:r_and_d_spending_pc+log_transport_investment_eur:avg_wage+log_transport_investment_eur:unemployment_pc+log_transport_investment_eur:r_and_d_spending_pc+log_transport_investment_eur:flexible_work_pc"
"1","
"
"1","Crit= 848.89994482608"
"1","
"
"1","Mean crit= 886.507903778846"
"1","
"
"1","Change in best IC: 0 / Change in mean IC: -0.961892423592644"
"1","
"
"1","
After 250 generations:"
"1","
"
"1","Best model: gdp_hr_worked~1+adult_education_pc+avg_wage+trade_union_density+unemployment_pc+r_and_d_spending_pc+flexible_work_pc+log_int_trade_pc_gdp+log_transport_investment_eur+trade_union_density:adult_education_pc+unemployment_pc:trade_union_density+r_and_d_spending_pc:trade_union_density+r_and_d_spending_pc:unemployment_pc+flexible_work_pc:adult_education_pc+flexible_work_pc:avg_wage+flexible_work_pc:unemployment_pc+log_int_trade_pc_gdp:adult_education_pc+log_int_trade_pc_gdp:avg_wage+log_int_trade_pc_gdp:trade_union_density+log_int_trade_pc_gdp:unemployment_pc+log_int_trade_pc_gdp:r_and_d_spending_pc+log_transport_investment_eur:avg_wage+log_transport_investment_eur:unemployment_pc+log_transport_investment_eur:r_and_d_spending_pc+log_transport_investment_eur:flexible_work_pc"
"1","
"
"1","Crit= 848.89994482608"
"1","
"
"1","Mean crit= 886.2467371934"
"1","
"
"1","Change in best IC: 0 / Change in mean IC: -0.261166585445494"
"1","
"
"1","
After 260 generations:"
"1","
"
"1","Best model: gdp_hr_worked~1+adult_education_pc+avg_wage+trade_union_density+unemployment_pc+r_and_d_spending_pc+flexible_work_pc+log_int_trade_pc_gdp+log_transport_investment_eur+trade_union_density:adult_education_pc+unemployment_pc:trade_union_density+r_and_d_spending_pc:trade_union_density+r_and_d_spending_pc:unemployment_pc+flexible_work_pc:adult_education_pc+flexible_work_pc:avg_wage+flexible_work_pc:unemployment_pc+log_int_trade_pc_gdp:adult_education_pc+log_int_trade_pc_gdp:avg_wage+log_int_trade_pc_gdp:trade_union_density+log_int_trade_pc_gdp:unemployment_pc+log_int_trade_pc_gdp:r_and_d_spending_pc+log_transport_investment_eur:avg_wage+log_transport_investment_eur:unemployment_pc+log_transport_investment_eur:r_and_d_spending_pc+log_transport_investment_eur:flexible_work_pc"
"1","
"
"1","Crit= 848.89994482608"
"1","
"
"1","Mean crit= 885.985016311359"
"1","
"
"1","Change in best IC: 0 / Change in mean IC: -0.261720882041345"
"1","
"
"1","
After 270 generations:"
"1","
"
"1","Best model: gdp_hr_worked~1+adult_education_pc+avg_wage+trade_union_density+unemployment_pc+r_and_d_spending_pc+flexible_work_pc+log_int_trade_pc_gdp+log_transport_investment_eur+trade_union_density:adult_education_pc+unemployment_pc:trade_union_density+r_and_d_spending_pc:trade_union_density+r_and_d_spending_pc:unemployment_pc+flexible_work_pc:adult_education_pc+flexible_work_pc:avg_wage+flexible_work_pc:unemployment_pc+log_int_trade_pc_gdp:adult_education_pc+log_int_trade_pc_gdp:avg_wage+log_int_trade_pc_gdp:trade_union_density+log_int_trade_pc_gdp:unemployment_pc+log_int_trade_pc_gdp:r_and_d_spending_pc+log_transport_investment_eur:avg_wage+log_transport_investment_eur:unemployment_pc+log_transport_investment_eur:r_and_d_spending_pc+log_transport_investment_eur:flexible_work_pc"
"1","
"
"1","Crit= 848.89994482608"
"1","
"
"1","Mean crit= 885.437955819907"
"1","
"
"1","Change in best IC: 0 / Change in mean IC: -0.547060491452044"
"1","
"
"1","
After 280 generations:"
"1","
"
"1","Best model: gdp_hr_worked~1+adult_education_pc+avg_wage+trade_union_density+unemployment_pc+r_and_d_spending_pc+flexible_work_pc+log_int_trade_pc_gdp+log_transport_investment_eur+trade_union_density:adult_education_pc+unemployment_pc:trade_union_density+r_and_d_spending_pc:trade_union_density+r_and_d_spending_pc:unemployment_pc+flexible_work_pc:adult_education_pc+flexible_work_pc:avg_wage+flexible_work_pc:unemployment_pc+log_int_trade_pc_gdp:adult_education_pc+log_int_trade_pc_gdp:avg_wage+log_int_trade_pc_gdp:trade_union_density+log_int_trade_pc_gdp:unemployment_pc+log_int_trade_pc_gdp:r_and_d_spending_pc+log_transport_investment_eur:avg_wage+log_transport_investment_eur:unemployment_pc+log_transport_investment_eur:r_and_d_spending_pc+log_transport_investment_eur:flexible_work_pc"
"1","
"
"1","Crit= 848.89994482608"
"1","
"
"1","Mean crit= 885.159864425235"
"1","
"
"1","Change in best IC: 0 / Change in mean IC: -0.278091394671947"
"1","
"
"1","
After 290 generations:"
"1","
"
"1","Best model: gdp_hr_worked~1+adult_education_pc+avg_wage+trade_union_density+unemployment_pc+r_and_d_spending_pc+flexible_work_pc+log_int_trade_pc_gdp+log_transport_investment_eur+trade_union_density:adult_education_pc+unemployment_pc:trade_union_density+r_and_d_spending_pc:trade_union_density+r_and_d_spending_pc:unemployment_pc+flexible_work_pc:adult_education_pc+flexible_work_pc:avg_wage+flexible_work_pc:unemployment_pc+log_int_trade_pc_gdp:adult_education_pc+log_int_trade_pc_gdp:avg_wage+log_int_trade_pc_gdp:trade_union_density+log_int_trade_pc_gdp:unemployment_pc+log_int_trade_pc_gdp:r_and_d_spending_pc+log_transport_investment_eur:avg_wage+log_transport_investment_eur:unemployment_pc+log_transport_investment_eur:r_and_d_spending_pc+log_transport_investment_eur:flexible_work_pc"
"1","
"
"1","Crit= 848.89994482608"
"1","
"
"1","Mean crit= 884.913637723381"
"1","
"
"1","Change in best IC: 0 / Change in mean IC: -0.246226701853857"
"1","
"
"1","
After 300 generations:"
"1","
"
"1","Best model: gdp_hr_worked~1+adult_education_pc+avg_wage+trade_union_density+unemployment_pc+r_and_d_spending_pc+flexible_work_pc+log_int_trade_pc_gdp+log_transport_investment_eur+trade_union_density:adult_education_pc+unemployment_pc:trade_union_density+r_and_d_spending_pc:trade_union_density+r_and_d_spending_pc:unemployment_pc+flexible_work_pc:adult_education_pc+flexible_work_pc:avg_wage+flexible_work_pc:unemployment_pc+log_int_trade_pc_gdp:adult_education_pc+log_int_trade_pc_gdp:avg_wage+log_int_trade_pc_gdp:trade_union_density+log_int_trade_pc_gdp:unemployment_pc+log_int_trade_pc_gdp:r_and_d_spending_pc+log_transport_investment_eur:avg_wage+log_transport_investment_eur:unemployment_pc+log_transport_investment_eur:r_and_d_spending_pc+log_transport_investment_eur:flexible_work_pc"
"1","
"
"1","Crit= 848.89994482608"
"1","
"
"1","Mean crit= 884.178195565856"
"1","
"
"1","Change in best IC: 0 / Change in mean IC: -0.735442157524972"
"1","
"
"1","
After 310 generations:"
"1","
"
"1","Best model: gdp_hr_worked~1+adult_education_pc+avg_wage+trade_union_density+unemployment_pc+r_and_d_spending_pc+flexible_work_pc+log_int_trade_pc_gdp+log_transport_investment_eur+trade_union_density:adult_education_pc+unemployment_pc:trade_union_density+r_and_d_spending_pc:trade_union_density+r_and_d_spending_pc:unemployment_pc+flexible_work_pc:adult_education_pc+flexible_work_pc:avg_wage+flexible_work_pc:unemployment_pc+log_int_trade_pc_gdp:adult_education_pc+log_int_trade_pc_gdp:avg_wage+log_int_trade_pc_gdp:trade_union_density+log_int_trade_pc_gdp:unemployment_pc+log_int_trade_pc_gdp:r_and_d_spending_pc+log_transport_investment_eur:avg_wage+log_transport_investment_eur:unemployment_pc+log_transport_investment_eur:r_and_d_spending_pc+log_transport_investment_eur:flexible_work_pc"
"1","
"
"1","Crit= 848.89994482608"
"1","
"
"1","Mean crit= 884.073834693873"
"1","
"
"1","Change in best IC: 0 / Change in mean IC: -0.104360871982749"
"1","
"
"1","
After 320 generations:"
"1","
"
"1","Best model: gdp_hr_worked~1+adult_education_pc+avg_wage+trade_union_density+unemployment_pc+r_and_d_spending_pc+flexible_work_pc+log_int_trade_pc_gdp+log_transport_investment_eur+trade_union_density:adult_education_pc+unemployment_pc:trade_union_density+r_and_d_spending_pc:trade_union_density+r_and_d_spending_pc:unemployment_pc+flexible_work_pc:adult_education_pc+flexible_work_pc:avg_wage+flexible_work_pc:unemployment_pc+log_int_trade_pc_gdp:adult_education_pc+log_int_trade_pc_gdp:avg_wage+log_int_trade_pc_gdp:trade_union_density+log_int_trade_pc_gdp:unemployment_pc+log_int_trade_pc_gdp:r_and_d_spending_pc+log_transport_investment_eur:avg_wage+log_transport_investment_eur:unemployment_pc+log_transport_investment_eur:r_and_d_spending_pc+log_transport_investment_eur:flexible_work_pc"
"1","
"
"1","Crit= 848.89994482608"
"1","
"
"1","Mean crit= 884.046408903984"
"1","
"
"1","Change in best IC: 0 / Change in mean IC: -0.0274257898895485"
"1","
"
"1","
After 330 generations:"
"1","
"
"1","Best model: gdp_hr_worked~1+adult_education_pc+avg_wage+trade_union_density+unemployment_pc+r_and_d_spending_pc+flexible_work_pc+log_int_trade_pc_gdp+log_transport_investment_eur+trade_union_density:adult_education_pc+unemployment_pc:trade_union_density+r_and_d_spending_pc:trade_union_density+r_and_d_spending_pc:unemployment_pc+flexible_work_pc:adult_education_pc+flexible_work_pc:avg_wage+flexible_work_pc:unemployment_pc+log_int_trade_pc_gdp:adult_education_pc+log_int_trade_pc_gdp:avg_wage+log_int_trade_pc_gdp:trade_union_density+log_int_trade_pc_gdp:unemployment_pc+log_int_trade_pc_gdp:r_and_d_spending_pc+log_transport_investment_eur:avg_wage+log_transport_investment_eur:unemployment_pc+log_transport_investment_eur:r_and_d_spending_pc+log_transport_investment_eur:flexible_work_pc"
"1","
"
"1","Crit= 848.89994482608"
"1","
"
"1","Mean crit= 883.436846387266"
"1","
"
"1","Change in best IC: 0 / Change in mean IC: -0.609562516717688"
"1","
"
"1","
After 340 generations:"
"1","
"
"1","Best model: gdp_hr_worked~1+adult_education_pc+avg_wage+trade_union_density+unemployment_pc+r_and_d_spending_pc+flexible_work_pc+log_int_trade_pc_gdp+log_transport_investment_eur+trade_union_density:adult_education_pc+unemployment_pc:trade_union_density+r_and_d_spending_pc:trade_union_density+r_and_d_spending_pc:unemployment_pc+flexible_work_pc:adult_education_pc+flexible_work_pc:avg_wage+flexible_work_pc:unemployment_pc+log_int_trade_pc_gdp:adult_education_pc+log_int_trade_pc_gdp:avg_wage+log_int_trade_pc_gdp:trade_union_density+log_int_trade_pc_gdp:unemployment_pc+log_int_trade_pc_gdp:r_and_d_spending_pc+log_transport_investment_eur:avg_wage+log_transport_investment_eur:unemployment_pc+log_transport_investment_eur:r_and_d_spending_pc+log_transport_investment_eur:flexible_work_pc"
"1","
"
"1","Crit= 848.89994482608"
"1","
"
"1","Mean crit= 883.175197783913"
"1","
"
"1","Change in best IC: 0 / Change in mean IC: -0.261648603353024"
"1","
"
"1","
After 350 generations:"
"1","
"
"1","Best model: gdp_hr_worked~1+adult_education_pc+avg_wage+trade_union_density+unemployment_pc+r_and_d_spending_pc+flexible_work_pc+log_int_trade_pc_gdp+log_transport_investment_eur+trade_union_density:adult_education_pc+unemployment_pc:trade_union_density+r_and_d_spending_pc:trade_union_density+r_and_d_spending_pc:unemployment_pc+flexible_work_pc:adult_education_pc+flexible_work_pc:avg_wage+flexible_work_pc:unemployment_pc+log_int_trade_pc_gdp:adult_education_pc+log_int_trade_pc_gdp:avg_wage+log_int_trade_pc_gdp:trade_union_density+log_int_trade_pc_gdp:unemployment_pc+log_int_trade_pc_gdp:r_and_d_spending_pc+log_transport_investment_eur:avg_wage+log_transport_investment_eur:unemployment_pc+log_transport_investment_eur:r_and_d_spending_pc+log_transport_investment_eur:flexible_work_pc"
"1","
"
"1","Crit= 848.89994482608"
"1","
"
"1","Mean crit= 883.097913783697"
"1","
"
"1","Change in best IC: 0 / Change in mean IC: -0.0772840002163093"
"1","
"
"1","
After 360 generations:"
"1","
"
"1","Best model: gdp_hr_worked~1+adult_education_pc+avg_wage+trade_union_density+unemployment_pc+r_and_d_spending_pc+flexible_work_pc+log_int_trade_pc_gdp+log_transport_investment_eur+trade_union_density:adult_education_pc+unemployment_pc:trade_union_density+r_and_d_spending_pc:trade_union_density+r_and_d_spending_pc:unemployment_pc+flexible_work_pc:adult_education_pc+flexible_work_pc:avg_wage+flexible_work_pc:unemployment_pc+log_int_trade_pc_gdp:adult_education_pc+log_int_trade_pc_gdp:avg_wage+log_int_trade_pc_gdp:trade_union_density+log_int_trade_pc_gdp:unemployment_pc+log_int_trade_pc_gdp:r_and_d_spending_pc+log_transport_investment_eur:avg_wage+log_transport_investment_eur:unemployment_pc+log_transport_investment_eur:r_and_d_spending_pc+log_transport_investment_eur:flexible_work_pc"
"1","
"
"1","Crit= 848.89994482608"
"1","
"
"1","Mean crit= 882.814026484044"
"1","
"
"1","Change in best IC: 0 / Change in mean IC: -0.283887299652179"
"1","
"
"1","
After 370 generations:"
"1","
"
"1","Best model: gdp_hr_worked~1+adult_education_pc+avg_wage+trade_union_density+unemployment_pc+r_and_d_spending_pc+flexible_work_pc+log_int_trade_pc_gdp+log_transport_investment_eur+trade_union_density:adult_education_pc+unemployment_pc:trade_union_density+r_and_d_spending_pc:trade_union_density+r_and_d_spending_pc:unemployment_pc+flexible_work_pc:adult_education_pc+flexible_work_pc:avg_wage+flexible_work_pc:unemployment_pc+log_int_trade_pc_gdp:adult_education_pc+log_int_trade_pc_gdp:avg_wage+log_int_trade_pc_gdp:trade_union_density+log_int_trade_pc_gdp:unemployment_pc+log_int_trade_pc_gdp:r_and_d_spending_pc+log_transport_investment_eur:avg_wage+log_transport_investment_eur:unemployment_pc+log_transport_investment_eur:r_and_d_spending_pc+log_transport_investment_eur:flexible_work_pc"
"1","
"
"1","Crit= 848.89994482608"
"1","
"
"1","Mean crit= 882.56669785302"
"1","
"
"1","Change in best IC: 0 / Change in mean IC: -0.247328631024288"
"1","
"
"1","
After 380 generations:"
"1","
"
"1","Best model: gdp_hr_worked~1+adult_education_pc+avg_wage+trade_union_density+unemployment_pc+r_and_d_spending_pc+flexible_work_pc+log_int_trade_pc_gdp+log_transport_investment_eur+trade_union_density:adult_education_pc+unemployment_pc:trade_union_density+r_and_d_spending_pc:trade_union_density+r_and_d_spending_pc:unemployment_pc+flexible_work_pc:adult_education_pc+flexible_work_pc:avg_wage+flexible_work_pc:unemployment_pc+log_int_trade_pc_gdp:adult_education_pc+log_int_trade_pc_gdp:avg_wage+log_int_trade_pc_gdp:trade_union_density+log_int_trade_pc_gdp:unemployment_pc+log_int_trade_pc_gdp:r_and_d_spending_pc+log_transport_investment_eur:avg_wage+log_transport_investment_eur:unemployment_pc+log_transport_investment_eur:r_and_d_spending_pc+log_transport_investment_eur:flexible_work_pc"
"1","
"
"1","Crit= 848.89994482608"
"1","
"
"1","Mean crit= 882.56669785302"
"1","
"
"1","Change in best IC: 0 / Change in mean IC: 0"
"1","
"
"1","
After 390 generations:"
"1","
"
"1","Best model: gdp_hr_worked~1+adult_education_pc+avg_wage+trade_union_density+unemployment_pc+r_and_d_spending_pc+flexible_work_pc+log_int_trade_pc_gdp+log_transport_investment_eur+trade_union_density:adult_education_pc+unemployment_pc:trade_union_density+r_and_d_spending_pc:trade_union_density+r_and_d_spending_pc:unemployment_pc+flexible_work_pc:adult_education_pc+flexible_work_pc:avg_wage+flexible_work_pc:unemployment_pc+log_int_trade_pc_gdp:adult_education_pc+log_int_trade_pc_gdp:avg_wage+log_int_trade_pc_gdp:trade_union_density+log_int_trade_pc_gdp:unemployment_pc+log_int_trade_pc_gdp:r_and_d_spending_pc+log_transport_investment_eur:avg_wage+log_transport_investment_eur:unemployment_pc+log_transport_investment_eur:r_and_d_spending_pc+log_transport_investment_eur:flexible_work_pc"
"1","
"
"1","Crit= 848.89994482608"
"1","
"
"1","Mean crit= 882.468136756486"
"1","
"
"1","Change in best IC: 0 / Change in mean IC: -0.0985610965340129"
"1","
"
"1","
After 400 generations:"
"1","
"
"1","Best model: gdp_hr_worked~1+adult_education_pc+avg_wage+trade_union_density+unemployment_pc+r_and_d_spending_pc+flexible_work_pc+log_int_trade_pc_gdp+log_transport_investment_eur+trade_union_density:adult_education_pc+unemployment_pc:trade_union_density+r_and_d_spending_pc:trade_union_density+r_and_d_spending_pc:unemployment_pc+flexible_work_pc:adult_education_pc+flexible_work_pc:avg_wage+flexible_work_pc:unemployment_pc+log_int_trade_pc_gdp:adult_education_pc+log_int_trade_pc_gdp:avg_wage+log_int_trade_pc_gdp:trade_union_density+log_int_trade_pc_gdp:unemployment_pc+log_int_trade_pc_gdp:r_and_d_spending_pc+log_transport_investment_eur:avg_wage+log_transport_investment_eur:unemployment_pc+log_transport_investment_eur:r_and_d_spending_pc+log_transport_investment_eur:flexible_work_pc"
"1","
"
"1","Crit= 848.89994482608"
"1","
"
"1","Mean crit= 882.381153290474"
"1","
"
"1","Change in best IC: 0 / Change in mean IC: -0.0869834660120432"
"1","
"
"1","
After 410 generations:"
"1","
"
"1","Best model: gdp_hr_worked~1+adult_education_pc+avg_wage+trade_union_density+unemployment_pc+r_and_d_spending_pc+flexible_work_pc+log_int_trade_pc_gdp+log_transport_investment_eur+trade_union_density:adult_education_pc+unemployment_pc:trade_union_density+r_and_d_spending_pc:trade_union_density+r_and_d_spending_pc:unemployment_pc+flexible_work_pc:adult_education_pc+flexible_work_pc:avg_wage+flexible_work_pc:unemployment_pc+log_int_trade_pc_gdp:adult_education_pc+log_int_trade_pc_gdp:avg_wage+log_int_trade_pc_gdp:trade_union_density+log_int_trade_pc_gdp:unemployment_pc+log_int_trade_pc_gdp:r_and_d_spending_pc+log_transport_investment_eur:avg_wage+log_transport_investment_eur:unemployment_pc+log_transport_investment_eur:r_and_d_spending_pc+log_transport_investment_eur:flexible_work_pc"
"1","
"
"1","Crit= 848.89994482608"
"1","
"
"1","Mean crit= 882.231274974444"
"1","
"
"1","Change in best IC: 0 / Change in mean IC: -0.149878316029572"
"1","
"
"1","
After 420 generations:"
"1","
"
"1","Best model: gdp_hr_worked~1+adult_education_pc+avg_wage+trade_union_density+unemployment_pc+r_and_d_spending_pc+flexible_work_pc+log_int_trade_pc_gdp+log_transport_investment_eur+trade_union_density:adult_education_pc+unemployment_pc:trade_union_density+r_and_d_spending_pc:trade_union_density+r_and_d_spending_pc:unemployment_pc+flexible_work_pc:adult_education_pc+flexible_work_pc:avg_wage+flexible_work_pc:unemployment_pc+log_int_trade_pc_gdp:adult_education_pc+log_int_trade_pc_gdp:avg_wage+log_int_trade_pc_gdp:trade_union_density+log_int_trade_pc_gdp:unemployment_pc+log_int_trade_pc_gdp:r_and_d_spending_pc+log_transport_investment_eur:avg_wage+log_transport_investment_eur:unemployment_pc+log_transport_investment_eur:r_and_d_spending_pc+log_transport_investment_eur:flexible_work_pc"
"1","
"
"1","Crit= 848.89994482608"
"1","
"
"1","Mean crit= 881.89321833356"
"1","
"
"1","Change in best IC: 0 / Change in mean IC: -0.338056640884361"
"1","
"
"1","
After 430 generations:"
"1","
"
"1","Best model: gdp_hr_worked~1+adult_education_pc+avg_wage+trade_union_density+unemployment_pc+r_and_d_spending_pc+flexible_work_pc+log_int_trade_pc_gdp+log_transport_investment_eur+trade_union_density:adult_education_pc+unemployment_pc:trade_union_density+r_and_d_spending_pc:trade_union_density+r_and_d_spending_pc:unemployment_pc+flexible_work_pc:adult_education_pc+flexible_work_pc:avg_wage+flexible_work_pc:unemployment_pc+log_int_trade_pc_gdp:adult_education_pc+log_int_trade_pc_gdp:avg_wage+log_int_trade_pc_gdp:trade_union_density+log_int_trade_pc_gdp:unemployment_pc+log_int_trade_pc_gdp:r_and_d_spending_pc+log_transport_investment_eur:avg_wage+log_transport_investment_eur:unemployment_pc+log_transport_investment_eur:r_and_d_spending_pc+log_transport_investment_eur:flexible_work_pc"
"1","
"
"1","Crit= 848.89994482608"
"1","
"
"1","Mean crit= 881.844103340136"
"1","
"
"1","Change in best IC: 0 / Change in mean IC: -0.0491149934240411"
"1","
"
"1","
After 440 generations:"
"1","
"
"1","Best model: gdp_hr_worked~1+adult_education_pc+avg_wage+trade_union_density+unemployment_pc+r_and_d_spending_pc+flexible_work_pc+log_int_trade_pc_gdp+log_transport_investment_eur+trade_union_density:adult_education_pc+unemployment_pc:trade_union_density+r_and_d_spending_pc:trade_union_density+r_and_d_spending_pc:unemployment_pc+flexible_work_pc:adult_education_pc+flexible_work_pc:avg_wage+flexible_work_pc:unemployment_pc+log_int_trade_pc_gdp:adult_education_pc+log_int_trade_pc_gdp:avg_wage+log_int_trade_pc_gdp:trade_union_density+log_int_trade_pc_gdp:unemployment_pc+log_int_trade_pc_gdp:r_and_d_spending_pc+log_transport_investment_eur:avg_wage+log_transport_investment_eur:unemployment_pc+log_transport_investment_eur:r_and_d_spending_pc+log_transport_investment_eur:flexible_work_pc"
"1","
"
"1","Crit= 848.89994482608"
"1","
"
"1","Mean crit= 881.844103340136"
"1","
"
"1","Change in best IC: 0 / Change in mean IC: 0"
"1","
"
"1","
After 450 generations:"
"1","
"
"1","Best model: gdp_hr_worked~1+adult_education_pc+avg_wage+trade_union_density+unemployment_pc+r_and_d_spending_pc+flexible_work_pc+log_int_trade_pc_gdp+log_transport_investment_eur+trade_union_density:adult_education_pc+unemployment_pc:trade_union_density+r_and_d_spending_pc:trade_union_density+r_and_d_spending_pc:unemployment_pc+flexible_work_pc:adult_education_pc+flexible_work_pc:avg_wage+flexible_work_pc:unemployment_pc+log_int_trade_pc_gdp:adult_education_pc+log_int_trade_pc_gdp:avg_wage+log_int_trade_pc_gdp:trade_union_density+log_int_trade_pc_gdp:unemployment_pc+log_int_trade_pc_gdp:r_and_d_spending_pc+log_transport_investment_eur:avg_wage+log_transport_investment_eur:unemployment_pc+log_transport_investment_eur:r_and_d_spending_pc+log_transport_investment_eur:flexible_work_pc"
"1","
"
"1","Crit= 848.89994482608"
"1","
"
"1","Mean crit= 881.736771701188"
"1","
"
"1","Change in best IC: 0 / Change in mean IC: -0.107331638947585"
"1","
"
"1","
After 460 generations:"
"1","
"
"1","Best model: gdp_hr_worked~1+adult_education_pc+avg_wage+trade_union_density+unemployment_pc+r_and_d_spending_pc+flexible_work_pc+log_int_trade_pc_gdp+log_transport_investment_eur+trade_union_density:adult_education_pc+unemployment_pc:trade_union_density+r_and_d_spending_pc:trade_union_density+r_and_d_spending_pc:unemployment_pc+flexible_work_pc:adult_education_pc+flexible_work_pc:avg_wage+flexible_work_pc:unemployment_pc+log_int_trade_pc_gdp:adult_education_pc+log_int_trade_pc_gdp:avg_wage+log_int_trade_pc_gdp:trade_union_density+log_int_trade_pc_gdp:unemployment_pc+log_int_trade_pc_gdp:r_and_d_spending_pc+log_transport_investment_eur:avg_wage+log_transport_investment_eur:unemployment_pc+log_transport_investment_eur:r_and_d_spending_pc+log_transport_investment_eur:flexible_work_pc"
"1","
"
"1","Crit= 848.89994482608"
"1","
"
"1","Mean crit= 881.586519510736"
"1","
"
"1","Change in best IC: 0 / Change in mean IC: -0.150252190452761"
"1","
"
"1","
After 470 generations:"
"1","
"
"1","Best model: gdp_hr_worked~1+adult_education_pc+avg_wage+trade_union_density+unemployment_pc+r_and_d_spending_pc+flexible_work_pc+log_int_trade_pc_gdp+log_transport_investment_eur+trade_union_density:adult_education_pc+unemployment_pc:trade_union_density+r_and_d_spending_pc:trade_union_density+r_and_d_spending_pc:unemployment_pc+flexible_work_pc:adult_education_pc+flexible_work_pc:avg_wage+flexible_work_pc:unemployment_pc+log_int_trade_pc_gdp:adult_education_pc+log_int_trade_pc_gdp:avg_wage+log_int_trade_pc_gdp:trade_union_density+log_int_trade_pc_gdp:unemployment_pc+log_int_trade_pc_gdp:r_and_d_spending_pc+log_transport_investment_eur:avg_wage+log_transport_investment_eur:unemployment_pc+log_transport_investment_eur:r_and_d_spending_pc+log_transport_investment_eur:flexible_work_pc"
"1","
"
"1","Crit= 848.89994482608"
"1","
"
"1","Mean crit= 880.92504746727"
"1","
"
"1","Change in best IC: 0 / Change in mean IC: -0.661472043465665"
"1","
"
"1","
After 480 generations:"
"1","
"
"1","Best model: gdp_hr_worked~1+adult_education_pc+avg_wage+trade_union_density+unemployment_pc+r_and_d_spending_pc+flexible_work_pc+log_int_trade_pc_gdp+log_transport_investment_eur+trade_union_density:adult_education_pc+unemployment_pc:trade_union_density+r_and_d_spending_pc:trade_union_density+r_and_d_spending_pc:unemployment_pc+flexible_work_pc:adult_education_pc+flexible_work_pc:avg_wage+flexible_work_pc:unemployment_pc+log_int_trade_pc_gdp:adult_education_pc+log_int_trade_pc_gdp:avg_wage+log_int_trade_pc_gdp:trade_union_density+log_int_trade_pc_gdp:unemployment_pc+log_int_trade_pc_gdp:r_and_d_spending_pc+log_transport_investment_eur:avg_wage+log_transport_investment_eur:unemployment_pc+log_transport_investment_eur:r_and_d_spending_pc+log_transport_investment_eur:flexible_work_pc"
"1","
"
"1","Crit= 848.89994482608"
"1","
"
"1","Mean crit= 880.874397573776"
"1","
"
"1","Change in best IC: 0 / Change in mean IC: -0.0506498934943238"
"1","
"
"1","
After 490 generations:"
"1","
"
"1","Best model: gdp_hr_worked~1+adult_education_pc+avg_wage+trade_union_density+unemployment_pc+r_and_d_spending_pc+flexible_work_pc+log_int_trade_pc_gdp+log_transport_investment_eur+trade_union_density:adult_education_pc+unemployment_pc:trade_union_density+r_and_d_spending_pc:trade_union_density+r_and_d_spending_pc:unemployment_pc+flexible_work_pc:adult_education_pc+flexible_work_pc:avg_wage+flexible_work_pc:unemployment_pc+log_int_trade_pc_gdp:adult_education_pc+log_int_trade_pc_gdp:avg_wage+log_int_trade_pc_gdp:trade_union_density+log_int_trade_pc_gdp:unemployment_pc+log_int_trade_pc_gdp:r_and_d_spending_pc+log_transport_investment_eur:avg_wage+log_transport_investment_eur:unemployment_pc+log_transport_investment_eur:r_and_d_spending_pc+log_transport_investment_eur:flexible_work_pc"
"1","
"
"1","Crit= 848.89994482608"
"1","
"
"1","Mean crit= 880.827001745377"
"1","
"
"1","Change in best IC: 0 / Change in mean IC: -0.0473958283986349"
"1","
"
"1","
After 500 generations:"
"1","
"
"1","Best model: gdp_hr_worked~1+adult_education_pc+avg_wage+trade_union_density+unemployment_pc+r_and_d_spending_pc+flexible_work_pc+log_int_trade_pc_gdp+log_transport_investment_eur+trade_union_density:adult_education_pc+unemployment_pc:trade_union_density+r_and_d_spending_pc:trade_union_density+r_and_d_spending_pc:unemployment_pc+flexible_work_pc:adult_education_pc+flexible_work_pc:avg_wage+flexible_work_pc:unemployment_pc+log_int_trade_pc_gdp:adult_education_pc+log_int_trade_pc_gdp:avg_wage+log_int_trade_pc_gdp:trade_union_density+log_int_trade_pc_gdp:unemployment_pc+log_int_trade_pc_gdp:r_and_d_spending_pc+log_transport_investment_eur:avg_wage+log_transport_investment_eur:unemployment_pc+log_transport_investment_eur:r_and_d_spending_pc+log_transport_investment_eur:flexible_work_pc"
"1","
"
"1","Crit= 848.89994482608"
"1","
"
"1","Mean crit= 880.827001745377"
"1","
"
"1","Change in best IC: 0 / Change in mean IC: 0"
"1","
"
"1","
After 510 generations:"
"1","
"
"1","Best model: gdp_hr_worked~1+adult_education_pc+avg_wage+trade_union_density+unemployment_pc+r_and_d_spending_pc+flexible_work_pc+log_int_trade_pc_gdp+log_transport_investment_eur+trade_union_density:adult_education_pc+unemployment_pc:trade_union_density+r_and_d_spending_pc:trade_union_density+r_and_d_spending_pc:unemployment_pc+flexible_work_pc:adult_education_pc+flexible_work_pc:avg_wage+flexible_work_pc:unemployment_pc+log_int_trade_pc_gdp:adult_education_pc+log_int_trade_pc_gdp:avg_wage+log_int_trade_pc_gdp:trade_union_density+log_int_trade_pc_gdp:unemployment_pc+log_int_trade_pc_gdp:r_and_d_spending_pc+log_transport_investment_eur:avg_wage+log_transport_investment_eur:unemployment_pc+log_transport_investment_eur:r_and_d_spending_pc+log_transport_investment_eur:flexible_work_pc"
"1","
"
"1","Crit= 848.89994482608"
"1","
"
"1","Mean crit= 880.551942985488"
"1","
"
"1","Change in best IC: 0 / Change in mean IC: -0.27505875988868"
"1","
"
"1","
After 520 generations:"
"1","
"
"1","Best model: gdp_hr_worked~1+adult_education_pc+avg_wage+trade_union_density+unemployment_pc+r_and_d_spending_pc+flexible_work_pc+log_int_trade_pc_gdp+log_transport_investment_eur+trade_union_density:adult_education_pc+unemployment_pc:trade_union_density+r_and_d_spending_pc:trade_union_density+r_and_d_spending_pc:unemployment_pc+flexible_work_pc:adult_education_pc+flexible_work_pc:avg_wage+flexible_work_pc:unemployment_pc+log_int_trade_pc_gdp:adult_education_pc+log_int_trade_pc_gdp:avg_wage+log_int_trade_pc_gdp:trade_union_density+log_int_trade_pc_gdp:unemployment_pc+log_int_trade_pc_gdp:r_and_d_spending_pc+log_transport_investment_eur:avg_wage+log_transport_investment_eur:unemployment_pc+log_transport_investment_eur:r_and_d_spending_pc+log_transport_investment_eur:flexible_work_pc"
"1","
"
"1","Crit= 848.89994482608"
"1","
"
"1","Mean crit= 880.047444881206"
"1","
"
"1","Change in best IC: 0 / Change in mean IC: -0.50449810428222"
"1","
"
"1","
After 530 generations:"
"1","
"
"1","Best model: gdp_hr_worked~1+adult_education_pc+avg_wage+trade_union_density+unemployment_pc+r_and_d_spending_pc+flexible_work_pc+log_int_trade_pc_gdp+log_transport_investment_eur+trade_union_density:adult_education_pc+unemployment_pc:trade_union_density+r_and_d_spending_pc:trade_union_density+r_and_d_spending_pc:unemployment_pc+flexible_work_pc:adult_education_pc+flexible_work_pc:avg_wage+flexible_work_pc:unemployment_pc+log_int_trade_pc_gdp:adult_education_pc+log_int_trade_pc_gdp:avg_wage+log_int_trade_pc_gdp:trade_union_density+log_int_trade_pc_gdp:unemployment_pc+log_int_trade_pc_gdp:r_and_d_spending_pc+log_transport_investment_eur:avg_wage+log_transport_investment_eur:unemployment_pc+log_transport_investment_eur:r_and_d_spending_pc+log_transport_investment_eur:flexible_work_pc"
"1","
"
"1","Crit= 848.89994482608"
"1","
"
"1","Mean crit= 880.047444881206"
"1","
"
"1","Change in best IC: 0 / Change in mean IC: 0"
"1","
"
"1","
After 540 generations:"
"1","
"
"1","Best model: gdp_hr_worked~1+adult_education_pc+avg_wage+trade_union_density+unemployment_pc+r_and_d_spending_pc+flexible_work_pc+log_int_trade_pc_gdp+log_transport_investment_eur+trade_union_density:adult_education_pc+unemployment_pc:trade_union_density+r_and_d_spending_pc:trade_union_density+r_and_d_spending_pc:unemployment_pc+flexible_work_pc:adult_education_pc+flexible_work_pc:avg_wage+flexible_work_pc:unemployment_pc+log_int_trade_pc_gdp:adult_education_pc+log_int_trade_pc_gdp:avg_wage+log_int_trade_pc_gdp:trade_union_density+log_int_trade_pc_gdp:unemployment_pc+log_int_trade_pc_gdp:r_and_d_spending_pc+log_transport_investment_eur:avg_wage+log_transport_investment_eur:unemployment_pc+log_transport_investment_eur:r_and_d_spending_pc+log_transport_investment_eur:flexible_work_pc"
"1","
"
"1","Crit= 848.89994482608"
"1","
"
"1","Mean crit= 879.541180055995"
"1","
"
"1","Change in best IC: 0 / Change in mean IC: -0.506264825211247"
"1","
"
"1","
After 550 generations:"
"1","
"
"1","Best model: gdp_hr_worked~1+adult_education_pc+avg_wage+trade_union_density+unemployment_pc+r_and_d_spending_pc+flexible_work_pc+log_int_trade_pc_gdp+log_transport_investment_eur+trade_union_density:adult_education_pc+unemployment_pc:trade_union_density+r_and_d_spending_pc:trade_union_density+r_and_d_spending_pc:unemployment_pc+flexible_work_pc:adult_education_pc+flexible_work_pc:avg_wage+flexible_work_pc:unemployment_pc+log_int_trade_pc_gdp:adult_education_pc+log_int_trade_pc_gdp:avg_wage+log_int_trade_pc_gdp:trade_union_density+log_int_trade_pc_gdp:unemployment_pc+log_int_trade_pc_gdp:r_and_d_spending_pc+log_transport_investment_eur:avg_wage+log_transport_investment_eur:unemployment_pc+log_transport_investment_eur:r_and_d_spending_pc+log_transport_investment_eur:flexible_work_pc"
"1","
"
"1","Crit= 848.89994482608"
"1","
"
"1","Mean crit= 879.475406381657"
"1","
"
"1","Change in best IC: 0 / Change in mean IC: -0.06577367433772"
"1","
"
"1","
After 560 generations:"
"1","
"
"1","Best model: gdp_hr_worked~1+adult_education_pc+avg_wage+trade_union_density+unemployment_pc+r_and_d_spending_pc+flexible_work_pc+log_int_trade_pc_gdp+log_transport_investment_eur+trade_union_density:adult_education_pc+unemployment_pc:trade_union_density+r_and_d_spending_pc:trade_union_density+r_and_d_spending_pc:unemployment_pc+flexible_work_pc:adult_education_pc+flexible_work_pc:avg_wage+flexible_work_pc:unemployment_pc+log_int_trade_pc_gdp:adult_education_pc+log_int_trade_pc_gdp:avg_wage+log_int_trade_pc_gdp:trade_union_density+log_int_trade_pc_gdp:unemployment_pc+log_int_trade_pc_gdp:r_and_d_spending_pc+log_transport_investment_eur:avg_wage+log_transport_investment_eur:unemployment_pc+log_transport_investment_eur:r_and_d_spending_pc+log_transport_investment_eur:flexible_work_pc"
"1","
"
"1","Crit= 848.89994482608"
"1","
"
"1","Mean crit= 879.475009234994"
"1","
"
"1","Change in best IC: 0 / Change in mean IC: -0.000397146663431158"
"1","
"
"1","
After 570 generations:"
"1","
"
"1","Best model: gdp_hr_worked~1+adult_education_pc+avg_wage+trade_union_density+unemployment_pc+r_and_d_spending_pc+flexible_work_pc+log_int_trade_pc_gdp+log_transport_investment_eur+trade_union_density:adult_education_pc+unemployment_pc:trade_union_density+r_and_d_spending_pc:trade_union_density+r_and_d_spending_pc:unemployment_pc+flexible_work_pc:adult_education_pc+flexible_work_pc:avg_wage+flexible_work_pc:unemployment_pc+log_int_trade_pc_gdp:adult_education_pc+log_int_trade_pc_gdp:avg_wage+log_int_trade_pc_gdp:trade_union_density+log_int_trade_pc_gdp:unemployment_pc+log_int_trade_pc_gdp:r_and_d_spending_pc+log_transport_investment_eur:avg_wage+log_transport_investment_eur:unemployment_pc+log_transport_investment_eur:r_and_d_spending_pc+log_transport_investment_eur:flexible_work_pc"
"1","
"
"1","Crit= 848.89994482608"
"1","
"
"1","Mean crit= 879.475009234994"
"1","
"
"1","Change in best IC: 0 / Change in mean IC: 0"
"1","
"
"1","
After 580 generations:"
"1","
"
"1","Best model: gdp_hr_worked~1+adult_education_pc+avg_wage+trade_union_density+unemployment_pc+r_and_d_spending_pc+flexible_work_pc+log_int_trade_pc_gdp+log_transport_investment_eur+trade_union_density:adult_education_pc+unemployment_pc:trade_union_density+r_and_d_spending_pc:trade_union_density+r_and_d_spending_pc:unemployment_pc+flexible_work_pc:adult_education_pc+flexible_work_pc:avg_wage+flexible_work_pc:unemployment_pc+log_int_trade_pc_gdp:adult_education_pc+log_int_trade_pc_gdp:avg_wage+log_int_trade_pc_gdp:trade_union_density+log_int_trade_pc_gdp:unemployment_pc+log_int_trade_pc_gdp:r_and_d_spending_pc+log_transport_investment_eur:avg_wage+log_transport_investment_eur:unemployment_pc+log_transport_investment_eur:r_and_d_spending_pc+log_transport_investment_eur:flexible_work_pc"
"1","
"
"1","Crit= 848.89994482608"
"1","
"
"1","Mean crit= 879.448961277373"
"1","
"
"1","Change in best IC: 0 / Change in mean IC: -0.0260479576203352"
"1","
"
"1","
After 590 generations:"
"1","
"
"1","Best model: gdp_hr_worked~1+adult_education_pc+avg_wage+trade_union_density+unemployment_pc+r_and_d_spending_pc+flexible_work_pc+log_int_trade_pc_gdp+log_transport_investment_eur+trade_union_density:adult_education_pc+unemployment_pc:trade_union_density+r_and_d_spending_pc:trade_union_density+r_and_d_spending_pc:unemployment_pc+flexible_work_pc:adult_education_pc+flexible_work_pc:avg_wage+flexible_work_pc:unemployment_pc+log_int_trade_pc_gdp:adult_education_pc+log_int_trade_pc_gdp:avg_wage+log_int_trade_pc_gdp:trade_union_density+log_int_trade_pc_gdp:unemployment_pc+log_int_trade_pc_gdp:r_and_d_spending_pc+log_transport_investment_eur:avg_wage+log_transport_investment_eur:unemployment_pc+log_transport_investment_eur:r_and_d_spending_pc+log_transport_investment_eur:flexible_work_pc"
"1","
"
"1","Crit= 848.89994482608"
"1","
"
"1","Mean crit= 879.448961277373"
"1","
"
"1","Change in best IC: 0 / Change in mean IC: 0"
"1","
"
"1","
After 600 generations:"
"1","
"
"1","Best model: gdp_hr_worked~1+adult_education_pc+avg_wage+trade_union_density+unemployment_pc+r_and_d_spending_pc+flexible_work_pc+log_int_trade_pc_gdp+log_transport_investment_eur+trade_union_density:adult_education_pc+unemployment_pc:trade_union_density+r_and_d_spending_pc:trade_union_density+r_and_d_spending_pc:unemployment_pc+flexible_work_pc:adult_education_pc+flexible_work_pc:avg_wage+flexible_work_pc:unemployment_pc+log_int_trade_pc_gdp:adult_education_pc+log_int_trade_pc_gdp:avg_wage+log_int_trade_pc_gdp:trade_union_density+log_int_trade_pc_gdp:unemployment_pc+log_int_trade_pc_gdp:r_and_d_spending_pc+log_transport_investment_eur:avg_wage+log_transport_investment_eur:unemployment_pc+log_transport_investment_eur:r_and_d_spending_pc+log_transport_investment_eur:flexible_work_pc"
"1","
"
"1","Crit= 848.89994482608"
"1","
"
"1","Mean crit= 879.281079988261"
"1","
"
"1","Change in best IC: 0 / Change in mean IC: -0.16788128911287"
"1","
"
"1","
After 610 generations:"
"1","
"
"1","Best model: gdp_hr_worked~1+adult_education_pc+avg_wage+trade_union_density+unemployment_pc+r_and_d_spending_pc+flexible_work_pc+log_int_trade_pc_gdp+log_transport_investment_eur+trade_union_density:adult_education_pc+unemployment_pc:trade_union_density+r_and_d_spending_pc:trade_union_density+r_and_d_spending_pc:unemployment_pc+flexible_work_pc:adult_education_pc+flexible_work_pc:avg_wage+flexible_work_pc:unemployment_pc+log_int_trade_pc_gdp:adult_education_pc+log_int_trade_pc_gdp:avg_wage+log_int_trade_pc_gdp:trade_union_density+log_int_trade_pc_gdp:unemployment_pc+log_int_trade_pc_gdp:r_and_d_spending_pc+log_transport_investment_eur:avg_wage+log_transport_investment_eur:unemployment_pc+log_transport_investment_eur:r_and_d_spending_pc+log_transport_investment_eur:flexible_work_pc"
"1","
"
"1","Crit= 848.89994482608"
"1","
"
"1","Mean crit= 879.260037962779"
"1","
"
"1","Change in best IC: 0 / Change in mean IC: -0.0210420254812789"
"1","
"
"1","
After 620 generations:"
"1","
"
"1","Best model: gdp_hr_worked~1+adult_education_pc+avg_wage+trade_union_density+unemployment_pc+r_and_d_spending_pc+flexible_work_pc+log_int_trade_pc_gdp+log_transport_investment_eur+trade_union_density:adult_education_pc+unemployment_pc:trade_union_density+r_and_d_spending_pc:trade_union_density+r_and_d_spending_pc:unemployment_pc+flexible_work_pc:adult_education_pc+flexible_work_pc:avg_wage+flexible_work_pc:unemployment_pc+log_int_trade_pc_gdp:adult_education_pc+log_int_trade_pc_gdp:avg_wage+log_int_trade_pc_gdp:trade_union_density+log_int_trade_pc_gdp:unemployment_pc+log_int_trade_pc_gdp:r_and_d_spending_pc+log_transport_investment_eur:avg_wage+log_transport_investment_eur:unemployment_pc+log_transport_investment_eur:r_and_d_spending_pc+log_transport_investment_eur:flexible_work_pc"
"1","
"
"1","Crit= 848.89994482608"
"1","
"
"1","Mean crit= 879.260037962779"
"1","
"
"1","Change in best IC: 0 / Change in mean IC: 0"
"1","
"
"1","
After 630 generations:"
"1","
"
"1","Best model: gdp_hr_worked~1+adult_education_pc+avg_wage+trade_union_density+unemployment_pc+r_and_d_spending_pc+flexible_work_pc+log_int_trade_pc_gdp+log_transport_investment_eur+trade_union_density:adult_education_pc+unemployment_pc:trade_union_density+r_and_d_spending_pc:trade_union_density+r_and_d_spending_pc:unemployment_pc+flexible_work_pc:adult_education_pc+flexible_work_pc:avg_wage+flexible_work_pc:unemployment_pc+log_int_trade_pc_gdp:adult_education_pc+log_int_trade_pc_gdp:avg_wage+log_int_trade_pc_gdp:trade_union_density+log_int_trade_pc_gdp:unemployment_pc+log_int_trade_pc_gdp:r_and_d_spending_pc+log_transport_investment_eur:avg_wage+log_transport_investment_eur:unemployment_pc+log_transport_investment_eur:r_and_d_spending_pc+log_transport_investment_eur:flexible_work_pc"
"1","
"
"1","Crit= 848.89994482608"
"1","
"
"1","Mean crit= 878.977309508318"
"1","
"
"1","Change in best IC: 0 / Change in mean IC: -0.28272845446088"
"1","
"
"1","
After 640 generations:"
"1","
"
"1","Best model: gdp_hr_worked~1+adult_education_pc+avg_wage+trade_union_density+unemployment_pc+r_and_d_spending_pc+flexible_work_pc+log_int_trade_pc_gdp+log_transport_investment_eur+trade_union_density:adult_education_pc+unemployment_pc:trade_union_density+r_and_d_spending_pc:trade_union_density+r_and_d_spending_pc:unemployment_pc+flexible_work_pc:adult_education_pc+flexible_work_pc:avg_wage+flexible_work_pc:unemployment_pc+log_int_trade_pc_gdp:adult_education_pc+log_int_trade_pc_gdp:avg_wage+log_int_trade_pc_gdp:trade_union_density+log_int_trade_pc_gdp:unemployment_pc+log_int_trade_pc_gdp:r_and_d_spending_pc+log_transport_investment_eur:avg_wage+log_transport_investment_eur:unemployment_pc+log_transport_investment_eur:r_and_d_spending_pc+log_transport_investment_eur:flexible_work_pc"
"1","
"
"1","Crit= 848.89994482608"
"1","
"
"1","Mean crit= 878.977309508318"
"1","
"
"1","Change in best IC: 0 / Change in mean IC: 0"
"1","
"
"1","
After 650 generations:"
"1","
"
"1","Best model: gdp_hr_worked~1+adult_education_pc+avg_wage+trade_union_density+unemployment_pc+r_and_d_spending_pc+flexible_work_pc+log_int_trade_pc_gdp+log_transport_investment_eur+trade_union_density:adult_education_pc+unemployment_pc:trade_union_density+r_and_d_spending_pc:trade_union_density+r_and_d_spending_pc:unemployment_pc+flexible_work_pc:adult_education_pc+flexible_work_pc:avg_wage+flexible_work_pc:unemployment_pc+log_int_trade_pc_gdp:adult_education_pc+log_int_trade_pc_gdp:avg_wage+log_int_trade_pc_gdp:trade_union_density+log_int_trade_pc_gdp:unemployment_pc+log_int_trade_pc_gdp:r_and_d_spending_pc+log_transport_investment_eur:avg_wage+log_transport_investment_eur:unemployment_pc+log_transport_investment_eur:r_and_d_spending_pc+log_transport_investment_eur:flexible_work_pc"
"1","
"
"1","Crit= 848.89994482608"
"1","
"
"1","Mean crit= 878.970718653504"
"1","
"
"1","Change in best IC: 0 / Change in mean IC: -0.0065908548143625"
"1","
"
"1","
After 660 generations:"
"1","
"
"1","Best model: gdp_hr_worked~1+adult_education_pc+avg_wage+trade_union_density+unemployment_pc+r_and_d_spending_pc+flexible_work_pc+log_int_trade_pc_gdp+log_transport_investment_eur+trade_union_density:adult_education_pc+unemployment_pc:trade_union_density+r_and_d_spending_pc:trade_union_density+r_and_d_spending_pc:unemployment_pc+flexible_work_pc:adult_education_pc+flexible_work_pc:avg_wage+flexible_work_pc:unemployment_pc+log_int_trade_pc_gdp:adult_education_pc+log_int_trade_pc_gdp:avg_wage+log_int_trade_pc_gdp:trade_union_density+log_int_trade_pc_gdp:unemployment_pc+log_int_trade_pc_gdp:r_and_d_spending_pc+log_transport_investment_eur:avg_wage+log_transport_investment_eur:unemployment_pc+log_transport_investment_eur:r_and_d_spending_pc+log_transport_investment_eur:flexible_work_pc"
"1","
"
"1","Crit= 848.89994482608"
"1","
"
"1","Mean crit= 878.970718653504"
"1","
"
"1","Change in best IC: 0 / Change in mean IC: 0"
"1","
"
"1","
After 670 generations:"
"1","
"
"1","Best model: gdp_hr_worked~1+adult_education_pc+avg_wage+trade_union_density+unemployment_pc+r_and_d_spending_pc+flexible_work_pc+log_int_trade_pc_gdp+log_transport_investment_eur+trade_union_density:adult_education_pc+unemployment_pc:trade_union_density+r_and_d_spending_pc:trade_union_density+r_and_d_spending_pc:unemployment_pc+flexible_work_pc:adult_education_pc+flexible_work_pc:avg_wage+flexible_work_pc:unemployment_pc+log_int_trade_pc_gdp:adult_education_pc+log_int_trade_pc_gdp:avg_wage+log_int_trade_pc_gdp:trade_union_density+log_int_trade_pc_gdp:unemployment_pc+log_int_trade_pc_gdp:r_and_d_spending_pc+log_transport_investment_eur:avg_wage+log_transport_investment_eur:unemployment_pc+log_transport_investment_eur:r_and_d_spending_pc+log_transport_investment_eur:flexible_work_pc"
"1","
"
"1","Crit= 848.89994482608"
"1","
"
"1","Mean crit= 878.970718653504"
"1","
"
"1","Change in best IC: 0 / Change in mean IC: 0"
"1","
"
"1","
After 680 generations:"
"1","
"
"1","Best model: gdp_hr_worked~1+adult_education_pc+avg_wage+trade_union_density+unemployment_pc+r_and_d_spending_pc+flexible_work_pc+log_int_trade_pc_gdp+log_transport_investment_eur+trade_union_density:adult_education_pc+unemployment_pc:trade_union_density+r_and_d_spending_pc:trade_union_density+r_and_d_spending_pc:unemployment_pc+flexible_work_pc:adult_education_pc+flexible_work_pc:avg_wage+flexible_work_pc:unemployment_pc+log_int_trade_pc_gdp:adult_education_pc+log_int_trade_pc_gdp:avg_wage+log_int_trade_pc_gdp:trade_union_density+log_int_trade_pc_gdp:unemployment_pc+log_int_trade_pc_gdp:r_and_d_spending_pc+log_transport_investment_eur:avg_wage+log_transport_investment_eur:unemployment_pc+log_transport_investment_eur:r_and_d_spending_pc+log_transport_investment_eur:flexible_work_pc"
"1","
"
"1","Crit= 848.89994482608"
"1","
"
"1","Mean crit= 878.970718653504"
"1","
"
"1","Improvements in best and average IC have bebingo en below the specified goals."
"1","
"
"1","Algorithm is declared to have converged."
"1","
"
"1","Completed."
"1","
"
